VisualVHazimuth,VisualVHelevation,VisualRealazimuth,VisualRealelevation,AccousticVHmdnoLSazimuth,AccousticVHmdnoLSelevation,accousticVirtualHmdLaserazimuth,accousticVirtualHmdLaserelevation,accousticVHmdazimuth,accousticVHmdelevation,accousticRealazimuth,accousticRealelevation,accousticBlindHmdazimuth,accousticBlindHmdelevation,accousticBlindazimuth,accousticBlindelevation,VisualVHazTotal,VisualVHelTotal,VisualRealazTotal,VisualRealelTotal,accVirHmdNoLsaztotal,accVirHmdNoLseltotal,accousticVirtualHmdLaserazTotal,accousticVirtualHmdLaserelTotal,accVirHmdazTotal,accVirHmdelTotal,accRealazTotal,accRealelTotal,accBlindHmdazTotal,accBlindHmdelTotal,accBlindazTotal,accBlindelTotal
-95.85331564,22.34423723,-93.13020773,32.15231905,-91.08625479,20.52592859,-84.44533272,26.63186426,-88.01948844,21.06270094,-87.10254736,27.14681406,-93.16161109,17.99468603,-91.88887474,16.15725965,-87.17109965,22.67879634,-96.46750163,37.85502391,-100.6667433,23.2938972,-90.5659256,25.96919632,-101.7192793,21.64785152,-89.47486399,36.31372981,-94.79572581,45.27230601,-91.0976591,31.07879787
-62.40386229,22.37391062,-63.02792158,33.98709116,-63.40018721,28.9839612,-60.46995278,28.74718227,-64.45338812,25.30995169,-63.94657164,30.39621668,-72.937292,22.17193002,-66.44043265,26.06519212,-90.90006819,22.68962396,-98.86700239,37.05851663,-87.89672651,7.746688017,-75.4111557,26.15141106,-105.8671474,33.64647211,-82.72311201,17.3814956,-102.6986369,31.03386224,-78.21005049,10.21407998
-32.94526243,24.29514551,-32.81715155,33.49803438,-36.62002707,29.77598028,-29.89628372,26.96576309,-34.06503134,26.68515634,-31.22085066,32.89895868,-32.42140618,28.56809702,-40.08951693,26.32511663,-98.37804161,24.1370875,-93.82881675,27.53717677,-92.12708793,18.19886652,-89.29001617,27.57669449,-94.44413505,31.40337626,-97.13262687,25.17812602,-113.7823843,18.63522784,-107.304006,25.85931269
-0.549583135,24.3086915,0.361561499,32.34601984,4.39061815,37.36214628,0.142197796,27.47333718,1.277983107,24.69376535,-0.163653439,31.54136591,-2.673562637,37.74374399,-1.759113197,36.75577555,-99.82642478,31.50952341,-95.49790305,27.67640879,-66.36306113,10.92999461,-91.38262177,36.33059311,-76.38102835,21.60548594,-93.03064078,21.1489506,-60.63076133,14.46943285,-74.34004325,20.64560511
29.72176943,25.47493944,30.45916891,23.85358214,37.94999418,28.45958013,30.05084076,27.78078633,31.64344148,26.1584569,28.06972303,31.2685956,38.68518667,29.79634924,49.38153257,30.42655954,-106.8075555,23.5963186,-98.93617187,22.49170053,-101.2404321,25.02060831,-89.69326019,24.89413834,-66.37744079,0.275142074,-62.65232787,28.86815012,-84.86384521,25.73458231,-87.77596984,24.5376066
62.02225122,23.99505014,63.98890886,30.85923166,74.04544916,25.33322077,60.48134117,27.48124294,63.67926645,25.35949068,63.74964266,31.64966364,68.07414408,24.9150754,67.85248461,31.09534578,-92.7853532,19.31262232,-84.02055217,25.44485499,-86.6034608,25.93565012,-61.96870804,25.46055222,-95.42365886,21.68137766,-95.95264293,24.70906473,-82.63551952,11.04358889,-86.79987194,27.19596506
93.84053049,25.85153017,95.55835199,30.60318842,90.15993662,19.35735636,86.38809662,27.17262173,82.87015619,24.56719179,90.6888711,31.03458872,88.42885065,17.23556051,89.66381541,20.26885671,-89.77069394,26.69758167,-86.82253568,28.42291583,-98.00139157,21.94866504,-90.28199768,27.97372627,-91.01812283,23.31863727,-90.97521512,24.0685152,-93.92811887,-1.742012601,-93.59548489,-7.882488828
-92.859336,-3.531579307,-91.92530051,4.186408422,-89.92287206,0.412023542,-86.691185,-0.779275557,-88.50393438,-2.265934184,-89.82913427,6.71602473,-95.00905599,-1.125932171,-93.80373449,-1.734233898,-95.0375119,20.83542471,-89.87164124,33.69075232,-93.46085938,24.65792685,-85.92855072,28.43124008,-64.49009522,25.84639578,-86.12102326,25.88537055,-84.61048706,3.958147339,-84.20480164,16.0874465
-76.43432684,-2.171584513,-74.52141333,3.530848311,-82.3045043,-4.398133042,-73.98879242,-0.025684392,-82.64147024,-3.048956778,-72.78985281,6.270361707,-84.92516699,-0.592298629,-81.63046713,2.770300195,-101.8836138,17.52339571,-95.73017905,30.41085451,-96.86109183,29.74372118,-88.45919037,27.6701107,-96.71429465,15.9897043,-83.45097372,31.00532549,-110.1683657,18.3085367,-107.7244723,10.30080622
-61.43493605,-4.049539187,-60.05497351,4.457928274,-70.94109602,1.513632867,-61.68271027,-0.321999842,-63.55915213,-1.792874053,-58.24702673,7.662131974,-70.05756407,3.540549753,-64.10453405,-1.161046555,-95.97279381,14.46199807,-91.25977348,50.9349862,-87.64169334,17.78326806,-81.47190094,15.86098003,-87.75968193,15.21256646,-89.51204704,36.90941246,-103.5022662,13.23318871,-107.8363879,3.535465321
-46.79765349,3.395331514,-44.52991514,3.7112277,-54.21843901,-2.295495799,-44.98945541,-0.742798258,-46.03233214,-2.881246664,-43.45671759,1.029574297,-51.92918348,8.761173723,-50.45712424,4.660935328,-65.50892924,20.31350856,-63.18226146,33.14274745,-65.24743937,26.27151637,-58.64848709,25.92854309,-69.66800975,21.35159831,-65.75943278,34.70885234,-71.79377269,39.52159266,-70.17108439,33.04486613
-31.16049338,-2.224923709,-30.8446641,6.811893175,-34.08318434,-4.463999108,-30.0178011,-1.650093309,-30.81676378,-3.402958873,-28.48929529,3.743550012,-40.35831366,1.837677334,-34.89409876,2.889268586,-62.41441145,16.13380731,-66.29299727,40.35097803,-64.89325514,19.87806238,-64.17028046,39.7481308,-81.77417555,42.0323707,-63.45609846,30.76446451,-50.6276721,12.00795663,-50.02729597,25.16353143
-15.31148024,-2.325789168,-14.85301543,5.6442543,-18.75372648,-4.751056483,-15.00077467,-1.640410828,-15.68806868,-4.944340898,-15.86094847,1.919570158,-26.68456445,1.013098381,-18.7388587,1.812131355,-66.77874504,29.11983363,-68.71672569,29.28841654,-46.28295646,23.92489115,-59.52072144,28.78938103,-65.62138878,33.10146204,-66.97088371,30.03423182,-56.20828376,21.52616755,-59.36494194,38.12797801
-1.057820095,-0.685919287,0.870941274,3.579513929,1.815416642,-6.493613811,1.662445405,-6.951355025,-0.205822233,-6.006447605,0.084104212,3.527610681,-0.540054453,-2.35405784,2.599004959,2.16213989,-60.51073569,24.96021464,-66.27162284,27.79407694,-56.92727393,35.92659571,-64.14673615,28.88318634,-63.17442435,11.63601687,-65.50315207,24.26973154,-36.23474616,28.08223917,-33.31354636,28.41885188
15.31370687,-2.826182463,15.54392433,4.445200631,18.06092634,-5.098173114,15.19809046,-1.906832574,18.64596429,-9.568329438,16.32466354,0.56895437,21.51284428,-1.528883279,17.61607375,1.557425653,-66.019523,20.91469324,-68.59014068,39.2781843,-59.65969024,35.75568521,-61.75679016,25.36473083,-61.12595687,31.86355341,-64.48719726,32.76400507,-79.60826812,25.82932031,-48.81249938,22.31551492
29.77469492,-1.43172846,31.39828215,2.216370533,33.5824439,-0.487696299,28.85556183,-2.018057379,30.61078501,-7.048668291,29.58600569,3.313330553,36.22758036,0.674467299,36.50421343,6.097637115,-58.93466045,26.62934519,-56.03652431,35.09043528,-74.12040569,42.18269373,-58.22771072,29.65683556,-67.59857036,24.43450953,-58.88229229,26.83010508,-76.04332592,32.974293,-78.61762096,29.04725672
46.11605921,-1.929081633,46.95826197,3.26689882,53.24805384,-3.182268049,45.24021015,-3.344716537,48.46709719,-6.854930117,45.64329881,3.29824476,54.68574533,-2.231517342,49.21533251,2.218565652,-58.21062772,27.4033617,-58.33998029,31.91442432,-61.16239468,21.4326395,-60.12359619,27.50113869,-59.76204221,27.38264789,-62.79494016,27.61288776,-84.53267972,5.062093157,-82.29126279,5.965098757
58.92864809,-4.090773585,62.02534571,5.290448091,70.07102327,-1.731850912,62.25226097,-0.600430468,63.88264934,-4.267880633,62.82577868,4.474019525,72.27736444,0.904441729,63.85591059,0.82374687,-59.37981232,22.00541907,-63.85045441,30.86668234,-68.30777558,29.72799902,-59.06463623,26.88879776,-52.28171356,26.5936225,-61.4894162,28.22411948,-96.94813355,14.73848753,-71.82597931,30.72195273
76.34513788,-3.621296312,77.37258081,3.295664118,80.98643923,-1.468073084,73.25196076,-0.351431124,75.49066515,-2.614770605,80.25524454,1.62683029,85.0194932,-2.479866029,80.93805399,-2.732122179,-63.28583929,20.56095141,-58.38872549,26.33891695,-74.22956106,34.70786303,-58.49084473,26.75791168,-61.71969244,17.38285082,-71.03227255,30.1244623,-107.8183672,37.07793444,-87.51886008,26.21513002
92.63141336,-4.311440471,92.97919931,3.852162645,88.46282587,-3.424443676,83.21011887,0.113765533,86.05775843,-6.771721938,90.65681849,2.175492285,93.00358133,-4.01900214,89.16243677,-3.889313652,-62.99533867,15.69797142,-60.6097834,45.80604943,-63.17111992,20.03166588,-60.54972458,27.95316696,-61.80790733,17.32088479,-59.0900309,38.62930687,-69.55767082,4.899215779,-82.46123527,21.63174065
-92.27534933,-29.69135618,-88.41218176,-26.48315439,-81.74979811,-24.94084503,-78.04998093,-24.31693115,-82.19430418,-32.15240988,-86.38933706,-25.5182987,-83.9683486,-24.55715101,-82.81151457,-26.8415522,-37.46020411,21.52383189,-31.64107417,23.6122642,-26.53897952,32.61824183,-31.77567673,26.31820488,-30.68336009,21.793222,-28.13108348,35.9945045,-34.62127208,24.28076701,-47.85882472,28.34452205
-60.79190664,-31.68955703,-59.67206411,-26.5827269,-57.98149176,-30.34654996,-57.23798866,-27.7693428,-58.35231123,-31.10332329,-59.77200194,-24.78912669,-59.31188154,-25.88115971,-62.91610441,-25.41118482,-33.35302534,25.95539773,-38.61454573,44.12848199,-39.39164152,17.61143793,-30.46847343,23.16859245,-45.09923735,31.72159494,-34.41705122,33.91208566,-47.75987425,31.75727762,-33.57343092,5.428624281
-31.64286166,-30.21841355,-29.09106913,-24.43539796,-32.29520998,-29.45495535,-30.54175911,-28.06905556,-31.17400465,-31.44800737,-29.88738814,-24.30334526,-36.66392565,-28.1713866,-32.30144453,-31.4891449,-30.8730291,28.05675761,-31.40148674,25.99201457,-24.50936447,18.74750201,-30.15831184,27.91313553,-28.12737976,32.09062067,-29.9255632,31.82961909,-16.09963737,40.50749079,-9.919017178,27.57104746
0.192990844,-31.95213218,1.418077964,-21.7766404,-0.459869535,-26.73150532,0.472363117,-29.55511799,-0.856814809,-29.73888891,1.239707156,-25.30818015,2.977866869,-25.72895489,0.094594078,-31.4909446,-32.05920142,29.10273173,-34.639085,30.06340983,-38.72776526,39.74983027,-28.34111977,30.0448246,-26.9729206,18.30181696,-33.90005988,26.62160304,-10.13742465,37.43787577,-40.76512641,42.02597239
30.23061495,-33.52615109,29.73765192,-23.97729323,33.93693266,-30.11229139,29.91720524,-29.08190689,29.72968264,-30.68175564,31.05842752,-25.44343156,35.60466318,-28.45888701,33.65476828,-31.54895614,-36.90832839,23.64174402,-30.45645461,38.57101953,-29.74386916,35.44396722,-30.41446114,26.39082909,-37.93867812,34.52245462,-28.36669097,30.62953317,-27.17441688,26.00533807,-25.67157683,26.88344324
60.82761087,-32.70318518,60.14625482,-26.60494616,62.73806047,-32.82478776,57.40961533,-29.7267191,56.2294425,-33.90502978,59.86466455,-28.26714263,65.70325136,-25.98920446,59.88593912,-30.95815473,-31.45363475,23.1564715,-31.90135814,31.21175409,-45.01137401,35.93944956,-28.00795364,25.81873322,-32.01355602,23.3599856,-31.2027898,27.2737353,-23.28503658,37.8892634,-31.65216304,26.81364847
91.81162424,-32.38986526,90.38818445,-27.84539111,85.16107645,-34.42689038,76.32004738,-25.67582448,82.28556376,-31.88752718,86.65462274,-31.27288528,83.52793818,-26.75889254,86.18517084,-36.04225325,-31.14206235,21.87039508,-30.04260365,31.03291263,-33.69756619,30.17650546,-30.52033615,27.33604622,-29.77530782,27.27368869,-31.45228879,28.71877613,-50.66770856,22.95624103,-34.47844235,6.770247836
300,300,300,300,300,300,300,300,300,300,300,300,300,300,300,300,-31.05976303,22.69954901,-30.65562638,33.92178946,-29.42967423,27.37308341,-30.0742321,27.88653946,-34.32601364,24.73257285,-29.76503571,31.51153784,-43.06410416,22.58422308,-34.65760239,28.82111197
300,300,300,300,300,300,300,300,300,300,300,300,300,300,300,300,-32.6086962,31.97384279,-26.38414976,31.785721,-63.53688452,44.13150805,-29.37648964,26.78450775,-35.51664374,35.95106524,-33.85419104,45.22521608,-38.21607992,36.56071489,-92.74855063,47.79854219
300,300,300,300,300,300,300,300,300,300,300,300,300,300,300,300,-32.53467964,14.97073372,-42.4351313,44.66097649,-35.61315178,15.96827706,-29.82578278,27.99621773,-40.19721626,17.10454186,-31.19375252,37.272976,-33.18850731,5.701778493,-49.5704348,22.79400643
300,300,300,300,300,300,300,300,300,300,300,300,300,300,300,300,-3.346416939,19.8016067,-3.145763862,33.71139674,-5.276167381,9.29379611,0.319728583,25.77353859,-1.805710781,19.46148067,-1.817569244,20.75041347,-6.671004284,28.48999934,-7.903341282,27.36283259
300,300,300,300,300,300,300,300,300,300,300,300,300,300,300,300,-2.213014509,27.16598047,1.79215264,22.35064233,7.005361174,42.57575525,0.264299363,32.54548645,1.786112313,36.9225303,-4.061167146,29.55167306,-6.216277982,41.53775323,-2.909635927,37.65472711
300,300,300,300,300,300,300,300,300,300,300,300,300,300,300,300,3.244574207,29.46385447,1.582160818,27.02025095,4.914232629,24.64182154,-0.505402267,26.70678139,5.09043588,30.14504878,4.086113113,29.51704279,-7.868266446,19.19445673,3.954130786,28.03707377
300,300,300,300,300,300,300,300,300,300,300,300,300,300,300,300,-2.133480728,33.61364939,-3.91452092,25.93487742,2.324507773,46.68775752,-0.335163057,26.29898453,3.068843752,28.47533991,-1.857360542,27.94405177,9.415985405,42.3928509,11.65289003,38.86166193
300,300,300,300,300,300,300,300,300,300,300,300,300,300,300,300,0.603978299,25.04258096,1.079486632,29.24025095,1.622402989,30.64388788,-1.294566035,27.37964249,2.087879711,28.44665277,1.488024854,37.10492838,8.055742883,35.62859094,22.66801705,31.73566568
300,300,300,300,300,300,300,300,300,300,300,300,300,300,300,300,-1.608653084,22.91928125,-2.010113494,34.1395991,6.329025253,61.75191523,3.57995224,27.17051697,-1.414470927,28.88592173,0.293963774,29.86115671,-8.081777112,68.3293841,-16.13537838,46.66769816
300,300,300,300,300,300,300,300,300,300,300,300,300,300,300,300,1.048884708,27.6726221,2.879638511,29.3780817,0.883206207,37.64996662,-0.341352791,28.03484917,1.121882755,29.55806674,-0.642497045,36.27701511,-8.327198666,28.9947504,0.054913479,9.594230074
300,300,300,300,300,300,300,300,300,300,300,300,300,300,300,300,-0.632197459,21.12947302,-7.478671153,37.15205603,27.60190956,53.65844946,0.494524002,26.75203133,1.310179274,22.25819998,0.661099116,28.67030173,3.335447098,44.58731299,3.345897864,55.86873084
300,300,300,300,300,300,300,300,300,300,300,300,300,300,300,300,0.544919428,22.10583513,1.853880551,27.27685183,3.362386491,43.36491793,-0.647621036,26.83227158,0.482936647,15.30541628,0.274552148,32.08261507,2.467351701,42.81386202,-33.37789557,62.79586428
300,300,300,300,300,300,300,300,300,300,300,300,300,300,300,300,-1.004425276,14.17203148,10.97736527,57.25619133,-4.860683192,23.35319527,-0.112421043,27.23926926,1.051742446,7.478996358,-0.061693419,43.65446099,-12.84562897,25.46847924,1.059269976,28.97927102
300,300,300,300,300,300,300,300,300,300,300,300,300,300,300,300,30.27221776,24.47393184,26.69882108,-27.7231998,39.40365697,27.85157542,27.47817802,29.83793068,31.48240567,20.73289256,21.17326642,33.54826503,37.72448827,45.56778483,38.54659368,20.23037868
300,300,300,300,300,300,300,300,300,300,300,300,300,300,300,300,26.88804827,26.17869104,32.69786844,23.2297088,31.78148661,13.62621606,33.96440506,27.41473007,32.80839548,14.17528833,22.43477068,27.29248727,28.71283731,16.40795053,38.0959836,11.13587488
300,300,300,300,300,300,300,300,300,300,300,300,300,300,300,300,29.93332733,28.34026972,32.19212212,25.02258555,38.11292519,16.65049044,28.9513073,27.94500542,32.58213295,29.27337138,33.16254105,29.52473704,35.10231652,12.29711977,38.99878182,23.34077326
300,300,300,300,300,300,300,300,300,300,300,300,300,300,300,300,29.01096803,32.0853596,28.7418583,27.53194239,36.52986795,38.16546061,31.34505081,26.96832848,28.74437219,30.88169291,31.46842462,24.29639246,32.34787065,34.52849772,33.83400613,40.99589732
300,300,300,300,300,300,300,300,300,300,300,300,300,300,300,300,33.26333299,28.04708994,29.20583215,26.93678796,29.98640504,29.5175451,31.89927864,26.65201569,35.04272523,42.62985742,35.37796464,32.23123682,45.83328309,33.27955759,25.37074151,16.52491129
300,300,300,300,300,300,300,300,300,300,300,300,300,300,300,300,30.75561474,24.09172846,31.86531971,28.11841227,42.26325367,48.61780573,29.48029137,27.27018929,25.6055579,27.19654871,26.92411755,34.68351389,48.49411915,55.92838312,36.58638523,35.94183375
300,300,300,300,300,300,300,300,300,300,300,300,300,300,300,300,29.38399394,24.65378894,34.38038333,33.29789676,28.3962868,28.04515781,29.8255043,27.66287804,31.39818271,23.49387302,29.9284962,25.22548999,36.64499362,14.489612,49.67874988,28.11203327
300,300,300,300,300,300,300,300,300,300,300,300,300,300,300,300,31.88385193,22.76377707,26.76806633,29.71407919,52.95868866,39.95637351,27.46155548,27.86033249,32.65325538,23.16594916,25.72932617,28.11697607,34.02726356,37.05970602,48.04763595,48.37139349
300,300,300,300,300,300,300,300,300,300,300,300,300,300,300,300,26.93657282,29.11687105,33.01548746,35.57036226,36.76638773,23.76216906,29.56623268,28.40270996,30.52435091,31.99628084,26.61043909,42.42002504,52.33409479,33.31026476,144.4290464,53.86562746
300,300,300,300,300,300,300,300,300,300,300,300,300,300,300,300,28.88976647,14.99788674,29.02593018,36.83724602,43.3009832,18.40300759,30.53660393,27.79374313,35.59303642,18.03881463,27.88788391,35.34683236,35.63059975,15.09461602,40.22740151,25.74687203
300,300,300,300,300,300,300,300,300,300,300,300,300,300,300,300,61.05855657,21.9497848,61.46595098,24.02581553,63.96122838,7.634019423,59.04593277,28.10197639,60.98929311,19.1083961,55.19893361,20.62077861,47.91771795,48.90385203,50.91775991,44.93359141
300,300,300,300,300,300,300,300,300,300,300,300,300,300,300,300,58.47795687,22.1503898,65.40428743,34.58946145,77.50444994,20.86300577,47.50912476,27.177948,52.55830583,23.19356836,64.62669191,47.59466089,57.52416811,27.12053598,54.1397954,29.01580728
300,300,300,300,300,300,300,300,300,300,300,300,300,300,300,300,64.67448296,28.23108927,63.14936318,27.42702738,73.11162819,11.23231379,59.33311081,29.75497818,63.76783242,33.63139597,65.2465197,31.50691859,81.49798073,10.17047755,60.81155266,19.08759562
300,300,300,300,300,300,300,300,300,300,300,300,300,300,300,300,66.32031518,29.57587626,65.33503228,27.09446146,67.13279992,34.10927012,60.78903198,30.68063927,63.12598687,24.29841425,63.22507745,20.90882685,60.44126016,27.2548733,60.67587548,39.70957377
300,300,300,300,300,300,300,300,300,300,300,300,300,300,300,300,64.89446702,23.34468973,69.24192109,31.08951318,69.98767915,27.49081552,60.12908554,26.62215424,64.42275681,37.87025964,63.69732346,32.68745172,55.32959046,24.06749094,71.97890534,26.46787393
300,300,300,300,300,300,300,300,300,300,300,300,300,300,300,300,58.59226368,24.22967936,64.65840672,32.4611323,78.23861836,43.37260843,59.55397797,24.523592,59.14429997,27.301224,63.65926503,30.654629,69.08599995,32.51279474,52.19139622,16.33296229
300,300,300,300,300,300,300,300,300,300,300,300,300,300,300,300,61.81103213,26.06804599,60.96889575,29.38729038,67.38600619,29.13766422,59.96231842,27.70155716,61.41599353,22.69166507,61.91246493,27.51839771,79.59084018,18.25484027,67.69342502,16.34041156
300,300,300,300,300,300,300,300,300,300,300,300,300,300,300,300,62.71575729,24.12576514,61.53934662,30.18602972,77.99853698,35.20654898,60.19522095,28.32192993,61.3195285,24.52538138,61.27651397,28.56571417,76.37368194,30.69926672,84.83104126,42.72064047
300,300,300,300,300,300,300,300,300,300,300,300,300,300,300,300,62.51489237,22.7437517,64.67372873,33.69535082,95.45597818,26.75413149,65.69729614,24.67932129,62.12425974,19.15570849,62.69155481,36.65296953,86.66874674,18.4853937,94.56054666,40.48781984
300,300,300,300,300,300,300,300,300,300,300,300,300,300,300,300,59.16278816,17.53142937,63.45215584,38.63623436,69.6775663,17.53182991,72.59831238,27.24833298,87.92440773,21.81889351,75.96208168,39.7862893,66.31145455,11.68122872,80.72454811,35.85718163
300,300,300,300,300,300,300,300,300,300,300,300,300,300,300,300,95.04197408,23.24551158,100.1715746,37.3588882,84.32568837,7.836806822,89.30429077,27.59689713,88.09460927,20.8778091,85.37019826,23.47297816,79.19784261,40.6461349,84.81039144,20.81079631
300,300,300,300,300,300,300,300,300,300,300,300,300,300,300,300,93.61029253,25.561988,98.46615801,24.44200815,98.81298265,15.60437692,69.32431793,24.57432747,68.99572191,16.06045831,91.1293355,28.88907159,76.51038561,11.51486123,70.70493517,21.40605462
300,300,300,300,300,300,300,300,300,300,300,300,300,300,300,300,94.86799874,27.67214457,94.26619973,26.9497172,91.17282357,17.53713671,88.97933197,26.00234222,67.12252297,33.58355586,93.97611489,28.30866877,94.84820046,7.452978768,91.30193581,14.17144648
300,300,300,300,300,300,300,300,300,300,300,300,300,300,300,300,97.65060312,35.08322718,92.52422219,29.70478251,81.43455392,20.50485041,89.29305267,27.89600563,97.08780557,26.26663401,85.06870157,27.60780528,85.1969288,17.1834698,105.7746571,15.27155688
300,300,300,300,300,300,300,300,300,300,300,300,300,300,300,300,94.01518311,26.92528665,101.0064398,23.24834192,83.46109834,21.21099222,90.09161377,28.01272583,95.23227754,32.86275613,98.51632752,31.78719843,86.02922883,14.9935087,71.64438691,27.6871351
300,300,300,300,300,300,300,300,300,300,300,300,300,300,300,300,94.74903248,26.97935129,92.3922057,30.04676462,81.50449513,25.46084238,89.30374908,26.47139931,57.90062092,23.72298456,94.0570998,31.3787768,97.38977192,40.13563944,74.18357228,30.55572916
300,300,300,300,300,300,300,300,300,300,300,300,300,300,300,300,91.99601443,23.137401,88.56116946,32.16569461,89.47271426,29.13900318,90.08429718,28.05060768,91.17557986,27.05176868,88.92042239,34.15740146,90.02150424,8.565646548,87.28966983,7.420401949
300,300,300,300,300,300,300,300,300,300,300,300,300,300,300,300,91.68976776,27.39270621,90.64685241,32.34933691,104.1491107,17.39958411,90.36643982,28.74917221,77.8426532,30.19660788,91.3916568,31.67534094,93.19394867,20.3390296,102.95022,16.80692511
300,300,300,300,300,300,300,300,300,300,300,300,300,300,300,300,91.7747648,30.31427401,100.2760313,33.0897333,95.43113687,22.3241617,88.34450531,28.69427109,91.26537302,21.4547159,94.59542825,33.50756853,94.41029337,12.89638155,119.26593,29.38143557
300,300,300,300,300,300,300,300,300,300,300,300,300,300,300,300,93.00967384,12.20341118,97.2726667,36.67661675,91.83476235,16.5558091,78.78936768,25.6784687,93.98439766,13.59462746,83.86342598,39.5610772,87.49040199,-1.372045436,88.71245552,19.17708596
300,300,300,300,300,300,300,300,300,300,300,300,300,300,300,300,-91.77221202,-3.947407198,-88.49946879,1.181075621,-84.07540416,-5.946029138,-88.3657074,-1.700365543,-90.76693248,0.53123622,-91.19408702,8.94384532,-89.02639293,11.38258319,-94.14119242,-6.706072283
300,300,300,300,300,300,300,300,300,300,300,300,300,300,300,300,-91.27570906,-2.577545992,-91.68147841,14.00163568,-83.73362532,-4.110356203,-89.19020844,0.350699335,-95.13010969,-2.849900118,-87.79591932,20.50339044,-95.53861036,-1.651432863,-74.04258528,0.260562071
300,300,300,300,300,300,300,300,300,300,300,300,300,300,300,300,-92.32302604,-3.398218475,-94.67485557,7.016186395,-90.63671623,-4.90069612,-90.42964935,-0.06723994,-93.1815084,1.619688668,-91.00071464,1.623759904,-109.2020391,-8.539739452,-96.40835319,-7.187409721
300,300,300,300,300,300,300,300,300,300,300,300,300,300,300,300,-93.44737357,3.596576714,-92.23057669,3.26997187,-79.00706595,3.887910866,-74.5033493,0.490328908,-81.58989066,-1.012495972,-93.34655875,-4.787746883,-78.22522086,7.539850258,-81.8649227,11.45124056
300,300,300,300,300,300,300,300,300,300,300,300,300,300,300,300,-93.96897826,-5.123336434,-97.0598825,1.242583633,-92.24489532,-2.03938353,-90.02206421,-3.360367775,-79.80384002,0.873597503,-91.65328918,4.601104141,-87.11553893,19.44238031,-90.91297851,17.19577539
300,300,300,300,300,300,300,300,300,300,300,300,300,300,300,300,-93.5188203,1.199918996,-86.0594392,-3.043068637,-99.08863689,3.249058019,-89.06902313,-1.019238591,-92.02059795,1.369472753,-82.48139812,8.416929494,-90.722075,-9.65027975,-94.33832409,6.196012746
300,300,300,300,300,300,300,300,300,300,300,300,300,300,300,300,-92.31579892,-0.25822125,-90.55010526,3.183947939,-88.83634488,8.002910036,-90.1602478,-0.260868967,-91.09619443,-4.618559461,-90.38938443,0.080562014,-97.75554959,-11.20093594,-92.06289212,-11.6115738
300,300,300,300,300,300,300,300,300,300,300,300,300,300,300,300,-91.26004608,-2.615964599,-93.28520783,3.281589799,-89.27139099,-4.703154273,-76.12966156,0.979848564,-78.99204071,2.585279755,-83.40954407,1.148630433,-98.66158875,-6.958024688,-94.25120362,-2.994466491
300,300,300,300,300,300,300,300,300,300,300,300,300,300,300,300,-96.46452353,-6.475763149,-95.13119528,2.095564061,-105.5398485,12.81514376,-88.84733582,-2.240674496,-88.58506033,-8.574045009,-91.31196615,0.324379139,-102.4974291,1.021003895,-105.0876162,-17.15215514
300,300,300,300,300,300,300,300,300,300,300,300,300,300,300,300,-92.24687218,-15.71583168,-90.08079552,9.634597859,-86.7947924,-2.135167995,-90.19460297,-0.964877069,-93.87316917,-12.58361618,-95.70848106,26.3053933,-101.3461153,-12.64472667,-114.9272768,-6.794252315
300,300,300,300,300,300,300,300,300,300,300,300,300,300,300,300,-81.64937876,-5.056437921,-71.05168437,10.32224422,-73.05354594,-7.291187715,-76.91119385,0.186235219,-76.88631724,-7.293837976,-73.43103312,16.67824702,-81.3889799,14.45656734,-72.09121226,4.865954924
300,300,300,300,300,300,300,300,300,300,300,300,300,300,300,300,-74.40145674,-0.183680406,-72.56765547,-1.052439562,-78.25410261,-16.32170331,-82.20713043,-1.416939974,-82.68422499,-6.299889437,-74.72592726,-1.420811525,-82.56139174,2.557759413,-78.0916728,0.391741881
300,300,300,300,300,300,300,300,300,300,300,300,300,300,300,300,-80.00410209,-2.242926917,-75.97823082,1.191907563,-84.1348394,-5.50246366,-75.65810394,2.845644474,-80.03517662,7.07153193,-63.62112938,7.220076241,-94.50330101,-16.64107474,-81.11044822,3.229565301
300,300,300,300,300,300,300,300,300,300,300,300,300,300,300,300,-80.1461727,-1.390956856,-74.14803427,-3.232123352,-73.63821524,8.7228451,-75.3742218,-1.324083567,-74.23132437,-3.629325844,-71.71663016,-3.726307846,-75.9946987,10.54980471,-75.33843344,14.4545212
300,300,300,300,300,300,300,300,300,300,300,300,300,300,300,300,-77.83914123,-2.798967957,-81.6312326,5.435897232,-78.71170745,-4.273913979,-59.49784851,-1.559684157,-76.65964446,1.502841354,-71.44176421,11.21959245,-81.18600402,13.63183725,-61.90035949,2.551062942
300,300,300,300,300,300,300,300,300,300,300,300,300,300,300,300,-63.11927654,3.187252294,-74.74037029,0.681296598,-89.87843944,-4.058315028,-74.08315277,-0.414466262,-93.95331432,2.003839742,-76.99782421,-3.296174754,-85.25567485,-0.544277896,-78.56162883,1.70654894
300,300,300,300,300,300,300,300,300,300,300,300,300,300,300,300,-75.05954282,0.060986895,-74.19743649,2.034919161,-90.44145505,-9.396290403,-75.0836792,0.571840405,-90.92618863,-2.467821699,-73.76163785,4.137244601,-73.53709714,-17.31082688,-78.79722897,-5.005804639
300,300,300,300,300,300,300,300,300,300,300,300,300,300,300,300,-76.87360199,-0.760160156,-77.72736939,1.609415345,-69.92515381,0.441801362,-75.8267746,0.558863044,-78.08846863,-1.315755554,-77.35005005,7.243290238,-92.50879486,-6.437495895,-83.8149701,-0.150668807
300,300,300,300,300,300,300,300,300,300,300,300,300,300,300,300,-80.54848501,2.703390294,-68.37657187,2.793321782,-97.28619406,6.488079243,-72.57264709,0.756945312,-91.36419699,-4.254230327,-61.41731283,7.594829732,-92.91704581,1.043775731,-104.7718127,1.377540761
300,300,300,300,300,300,300,300,300,300,300,300,300,300,300,300,-74.70211052,-15.2343444,-74.79554771,15.52404412,-87.72139,-12.79018203,-72.673172,-0.461198419,-81.58584617,-15.80691997,-83.43521904,17.05363091,-89.39868187,-7.229055324,-101.8269045,4.282539448
300,300,300,300,300,300,300,300,300,300,300,300,300,300,300,300,-60.00562571,-4.975800943,-65.67400645,7.826453734,-69.59460734,-7.150785875,-60.21656799,-1.779862046,-60.48222255,-6.955169153,-58.0676298,12.58265452,-68.07436656,10.59691386,-57.77315043,3.986459303
300,300,300,300,300,300,300,300,300,300,300,300,300,300,300,300,-62.55212965,-1.854227892,-56.77834501,-3.191906801,-65.67020979,-5.55319964,-59.17956161,2.311612606,-66.57675734,3.241091856,-60.44031706,24.51719964,-67.54792586,11.97474969,-70.35185804,-14.40324627
300,300,300,300,300,300,300,300,300,300,300,300,300,300,300,300,-59.42130409,0.070075669,-63.13316093,0.646687188,-61.08046852,4.441567101,-60.63119888,0.251087874,-61.02452217,9.212570824,-45.18673835,3.039740243,-56.02771125,7.692307153,-58.980615,-1.041304908
300,300,300,300,300,300,300,300,300,300,300,300,300,300,300,300,-63.64846152,-0.801156975,-61.92992514,5.18526461,-57.01205558,1.761038803,-59.23265076,1.418735981,-60.35376853,-0.715287186,-60.13679236,-1.76665876,-36.85115927,15.05982783,-46.101556,10.9342499
300,300,300,300,300,300,300,300,300,300,300,300,300,300,300,300,-65.54650817,-6.995621323,-57.1714128,6.883378387,-68.25147185,8.769910217,-60.41286087,-1.230468988,-61.07651839,4.0107435,-62.44821868,8.327983261,-71.20501647,7.822644592,-49.30708633,4.963820816
300,300,300,300,300,300,300,300,300,300,300,300,300,300,300,300,-60.21290447,-1.880577792,-55.36190273,-0.794563998,-87.64162304,11.85383249,-58.62203217,-1.005339146,-63.83295299,-1.000569095,-59.02040722,7.641861211,-90.19605877,5.357263814,-69.33459331,3.258621465
300,300,300,300,300,300,300,300,300,300,300,300,300,300,300,300,-60.31222455,2.27432384,-61.10830609,4.314597506,-68.53421323,-3.576861005,-59.45180511,-0.205155119,-58.60244672,-4.06400929,-61.29818646,-1.009268385,-63.91504971,-7.072161298,-60.69135587,-10.97049199
300,300,300,300,300,300,300,300,300,300,300,300,300,300,300,300,-61.4699765,-1.701620765,-61.49625214,5.562258057,-74.91360291,-6.217078872,-58.14588547,-1.276723027,-54.04691895,0.168525986,-55.76887711,-1.779334731,-76.9918042,-7.990415283,-64.54092987,-5.034698196
300,300,300,300,300,300,300,300,300,300,300,300,300,300,300,300,-61.73885748,-7.85374052,-59.68573019,1.041412526,-81.39361593,14.96709841,-73.27107239,0.130084231,-81.63874838,-6.252211399,-60.00883124,8.815021687,-78.99832175,8.153230839,-81.23780081,-1.513945407
300,300,300,300,300,300,300,300,300,300,300,300,300,300,300,300,-59.44136833,-16.77704517,-58.21069359,17.10570153,-75.31909202,-4.159192958,-67.66346741,-1.833970785,-67.95666527,-15.57442657,-60.09426903,16.25212105,-90.76822685,-16.18886367,-82.72639488,-1.789930263
300,300,300,300,300,300,300,300,300,300,300,300,300,300,300,300,-49.16928767,-1.540468645,-40.94642543,4.002107191,-49.16300868,-13.18244405,-44.87035751,-3.850959778,-51.06424998,-4.796931696,-46.0994253,-2.712965441,-47.90131282,21.04870753,-45.86451625,14.49403911
300,300,300,300,300,300,300,300,300,300,300,300,300,300,300,300,-48.86532774,-5.648747316,-47.74783888,-3.459753862,-49.86148253,1.453038344,-40.57036972,5.047615528,-51.07975569,7.66147531,-42.47587004,-12.95139395,-50.41064634,21.85638727,-51.86161986,2.884202131
300,300,300,300,300,300,300,300,300,300,300,300,300,300,300,300,-46.60074363,3.293945947,-48.6041082,0.204377808,-57.52540336,-6.211785636,-44.56301498,0.866556227,-45.54437004,2.530850091,-43.2707151,2.603632607,-40.88935981,-2.133226714,-41.42159019,-10.56073769
300,300,300,300,300,300,300,300,300,300,300,300,300,300,300,300,-46.24673575,0.275438332,-46.75970954,2.266165756,-48.91077918,-3.025257088,-45.22922516,-0.671397507,-43.8520481,0.98264315,-43.79747885,-2.350427605,-31.05539435,10.2175236,-40.40783042,5.703895592
300,300,300,300,300,300,300,300,300,300,300,300,300,300,300,300,-47.02823958,-0.606518387,-38.7139009,0.684558273,-49.23326812,1.084397674,-44.97239304,-2.295281887,-44.87081847,7.397656799,-42.48351607,1.768645645,-50.84551177,5.97649324,-50.64321456,18.6966604
300,300,300,300,300,300,300,300,300,300,300,300,300,300,300,300,-45.88659908,1.041493665,-43.21483852,4.634084951,-56.2845216,11.48193003,-41.38208389,-3.524504185,-45.70636226,-1.434661616,-42.71300365,2.256296407,-53.86210109,9.165533315,-40.3468156,13.61355044
300,300,300,300,300,300,300,300,300,300,300,300,300,300,300,300,-45.81886975,-1.903914075,-44.41225354,6.522202868,-53.69872586,-6.542460065,-44.4596138,-0.081016429,-46.51258389,-5.583426099,-44.2401611,0.448689837,-52.28219144,0.837033648,-48.75054852,-2.87981854
300,300,300,300,300,300,300,300,300,300,300,300,300,300,300,300,-42.88091095,-6.842089362,-44.56559952,5.605417542,-47.98349961,-2.678951927,-45.24324036,-1.195184231,-40.24840363,-3.805741973,-40.32333191,0.78352385,-62.47517212,-4.175371833,-57.60381134,-3.943739601
300,300,300,300,300,300,300,300,300,300,300,300,300,300,300,300,-49.0908129,-4.508996791,-45.91724798,0.252580815,-76.84709952,13.77326792,-46.14581299,-0.705910444,-44.48469565,-13.88220198,-46.1632807,7.887256795,-71.91445181,20.24406832,-65.17118094,17.60845964
300,300,300,300,300,300,300,300,300,300,300,300,300,300,300,300,-46.3890078,-10.92127792,-44.41722893,16.40053566,-52.67660164,-19.10669319,-52.45844269,-1.017899871,-46.96003364,-17.88212863,-43.00039314,12.56248482,-57.65569328,4.574588856,-62.50011467,-9.007158199
300,300,300,300,300,300,300,300,300,300,300,300,300,300,300,300,-32.29461192,-2.313665819,-32.04200648,7.888389158,-29.65087222,-7.470390749,-30.3534832,-1.278027534,-33.56132411,-2.670141649,-29.70876025,-1.910240602,-34.08344554,0.41829257,-31.95640467,-6.584665727
300,300,300,300,300,300,300,300,300,300,300,300,300,300,300,300,-31.81552305,-4.149718157,-29.04642096,3.573168883,-31.7159976,-19.46139776,-29.88027573,-3.742441893,-35.82509031,17.52686227,-30.16774931,10.72034753,-46.50269117,1.223269591,-36.71994963,17.57293237
300,300,300,300,300,300,300,300,300,300,300,300,300,300,300,300,-31.28672157,6.516688027,-32.08362327,0.991052308,-22.0975431,-8.845834575,-29.72291756,0.08277151,-29.10281692,-28.30689462,-27.59682785,-2.200558982,-30.15973411,-8.008951984,-24.91745125,-7.910262428
300,300,300,300,300,300,300,300,300,300,300,300,300,300,300,300,-33.20252723,6.516031288,-31.1223461,-2.187432266,-23.86915511,3.255128883,-30.16643524,-14.36151505,-32.76264685,-1.007414795,-26.73676795,-3.898551918,-28.80624884,6.610219978,-29.07248038,7.766954445
300,300,300,300,300,300,300,300,300,300,300,300,300,300,300,300,-24.1694902,-2.465395569,-35.39493117,11.80377138,-49.87368331,-4.214709877,-30.29801178,-1.31099689,-30.05291305,10.55900323,-28.95400558,4.59394014,-41.61834273,8.171271683,-36.9252275,5.949069382
300,300,300,300,300,300,300,300,300,300,300,300,300,300,300,300,-32.34752895,-2.158832301,-27.71364834,3.597316991,-35.59392025,6.68087412,-27.93015099,4.576482773,-33.54633953,-1.096738566,-32.65381481,11.04347254,-36.06109859,0.26638342,-25.82877399,15.48332811
300,300,300,300,300,300,300,300,300,300,300,300,300,300,300,300,-31.08945004,-2.827288251,-31.65918271,-0.393377882,-35.44731442,-0.931036573,-30.30831337,-0.159269914,-31.10278622,-2.832110029,-30.32866589,-1.227869611,-37.90024487,-4.700255018,-34.43149487,-2.370327573
300,300,300,300,300,300,300,300,300,300,300,300,300,300,300,300,-29.22540482,-1.168551154,-28.60915764,3.933224015,-29.43186005,-8.631469436,-30.88662148,-0.410941899,-21.43469055,-2.356314369,-22.83300026,1.133011155,-50.11803253,-8.889513679,-41.88807114,0.871332459
300,300,300,300,300,300,300,300,300,300,300,300,300,300,300,300,-34.85451147,-8.062928981,-33.35953161,11.58656328,-47.76722738,14.57718866,-29.93229675,0.06045045,-31.12023947,-10.00351507,-27.63729498,9.630417042,-47.74354956,19.37004107,-42.3779299,7.748556309
300,300,300,300,300,300,300,300,300,300,300,300,300,300,300,300,-31.3191645,-12.13557617,-27.41579269,27.32625588,-35.38426994,-19.59834377,-30.69950485,0.042555355,-29.65879082,-13.84232513,-28.27606605,9.551532826,-50.58974861,3.916015706,-44.82320427,-9.634231487
300,300,300,300,300,300,300,300,300,300,300,300,300,300,300,300,-14.12792872,-3.838327837,-15.59073352,10.81793933,-18.06212519,-12.1957006,-16.74212837,-3.513480186,-17.14084338,-8.365105104,-16.3085451,6.636245299,-32.00531672,31.63143306,-8.598965633,-14.85416026
300,300,300,300,300,300,300,300,300,300,300,300,300,300,300,300,-15.88798323,2.195963987,-13.57926932,5.007216581,-22.77479925,-7.721846453,-15.93184853,3.131324053,-15.10283842,-3.203190676,-22.37047567,-13.07665335,-19.82168951,2.264369139,-31.81686583,9.088103422
300,300,300,300,300,300,300,300,300,300,300,300,300,300,300,300,-15.65812812,-3.188750587,-15.07403122,-1.463335357,-13.8859552,-5.692807517,-15.55632973,-0.34089148,-12.74397121,0.931397118,-12.12533985,1.982255616,-3.52239309,-6.23875793,-7.413655621,3.106833138
300,300,300,300,300,300,300,300,300,300,300,300,300,300,300,300,-12.06709594,4.087209724,-14.49664229,-1.368150688,-11.69373339,7.433906578,-15.73824883,-0.591620862,-8.683080852,-25.23231313,-17.13324469,1.610590004,-23.22381133,5.981283211,-15.47086447,13.53321078
300,300,300,300,300,300,300,300,300,300,300,300,300,300,300,300,-17.83303771,-2.236981034,-16.14728484,1.905377746,-4.737928725,5.399184585,-15.4618597,-3.569986343,-18.22722945,11.51394594,-17.10005698,4.889481903,-31.37566314,9.593964935,-13.42054782,7.800322891
300,300,300,300,300,300,300,300,300,300,300,300,300,300,300,300,-16.2221265,-2.947146167,-13.93020488,7.971723806,-21.35235264,1.368686925,-10.69697571,-3.190924644,-19.36929943,0.440539609,-12.03248741,-0.003013362,-20.69453861,-17.60928081,-12.91691162,14.02172876
300,300,300,300,300,300,300,300,300,300,300,300,300,300,300,300,-14.94842831,-1.333689313,-14.34444444,2.688971896,-21.36486928,-14.09323464,-15.05595493,-0.087395824,-15.43966977,-3.569790464,-16.18139378,-1.076040845,-35.71972195,-7.316982847,-27.72047917,-3.635565382
300,300,300,300,300,300,300,300,300,300,300,300,300,300,300,300,-13.55787285,-3.11198587,-15.56967934,1.02958136,-15.85931977,-10.89379854,-15.2632513,-0.072519675,-20.18012436,4.13786345,-13.45239838,-0.477103896,-27.28378685,-10.53832836,-24.81914719,-8.976099677
300,300,300,300,300,300,300,300,300,300,300,300,300,300,300,300,-16.3202326,-2.100842304,-15.06554148,16.83211916,-38.00588629,12.97332972,-15.092206,1.277576566,-14.65154478,-7.628651447,-16.08691618,6.879442387,-33.39107916,6.587669545,-20.71355459,6.902801686
300,300,300,300,300,300,300,300,300,300,300,300,300,300,300,300,-16.49196838,-10.78334228,-14.73232292,13.02109917,-19.8002951,-24.08828489,-14.4689436,-9.44618988,-15.34208511,-18.46810428,-15.81862663,11.83049782,-39.80764412,-4.224386134,-24.49759506,-8.865861812
300,300,300,300,300,300,300,300,300,300,300,300,300,300,300,300,0.027931225,-0.700136614,-0.005077827,0.720037031,3.978671562,-18.84249909,1.682724357,0.317169935,-0.136379707,-1.862778139,-2.230059612,10.16872363,-5.651258457,9.024665404,-1.577018965,-9.641202402
300,300,300,300,300,300,300,300,300,300,300,300,300,300,300,300,-2.049362089,-3.298191896,-1.855270053,-1.664143434,3.912924861,-2.805428377,3.983017683,-7.051054001,-3.524374868,-1.211459032,-8.355360891,-0.282936922,-4.290960695,-9.001481882,-1.693580295,6.328139433
300,300,300,300,300,300,300,300,300,300,300,300,300,300,300,300,2.516775745,-1.703914962,1.259556436,3.265648522,3.127376693,-1.104409537,-0.145107746,-0.211951151,1.231385494,0.423900285,0.164867418,5.463692345,19.7995707,-15.54853138,6.912841933,7.386862435
300,300,300,300,300,300,300,300,300,300,300,300,300,300,300,300,0.156533777,2.550628685,2.509343982,5.838150047,-0.240698755,4.404888176,-0.373109728,-26.39997673,3.274995655,-26.4342489,0.935720265,-5.897188164,-0.526606739,-1.873373009,7.180754721,6.777143501
300,300,300,300,300,300,300,300,300,300,300,300,300,300,300,300,-4.007696963,9.376881958,2.638355748,3.009471298,2.177149587,-8.766422867,0.793770432,-4.635400295,-1.27023635,10.45995843,5.251183891,1.878474594,-4.562761641,-10.08702624,11.95333638,2.306262375
300,300,300,300,300,300,300,300,300,300,300,300,300,300,300,300,-1.356817738,-1.73845457,-0.099234656,0.878012906,-4.789975182,-15.3928092,-0.095395535,-1.320067406,-2.12925698,5.122696172,-1.657841698,5.534467946,-0.577981607,-5.453387965,4.921094879,8.08608843
300,300,300,300,300,300,300,300,300,300,300,300,300,300,300,300,0.247345168,-0.487469297,1.475846607,3.506127734,0.588607866,1.918376345,-0.050961014,0.150451854,-0.303835732,-6.315718275,2.468417245,-1.649147611,-5.420653981,1.046550173,-1.566624325,-3.633215528
300,300,300,300,300,300,300,300,300,300,300,300,300,300,300,300,-0.359456618,-1.762873359,-0.525729735,3.290010743,7.585899751,2.750187211,-0.070346899,-0.603669345,0.577223937,3.343942933,4.859650056,5.0433219,6.676421325,-8.323816963,-1.938057502,-4.45806665
300,300,300,300,300,300,300,300,300,300,300,300,300,300,300,300,-2.693863366,2.874281102,1.984209206,0.334659749,1.110297527,6.802944356,11.09464264,-29.25584221,1.195504692,-21.4699548,-2.360361073,1.696558171,-2.845858309,27.03027742,12.99591997,20.05786532
300,300,300,300,300,300,300,300,300,300,300,300,300,300,300,300,-3.05959009,-11.96994392,1.327413034,16.61716469,0.703912508,-33.90096513,-0.194780141,-0.503210902,-0.973248471,-22.12081472,1.764826517,13.32014092,-8.00045513,-10.35445396,-11.19861721,-11.58847801
300,300,300,300,300,300,300,300,300,300,300,300,300,300,300,300,16.05535413,-4.214098406,16.32295037,9.72736888,20.36239721,-19.58076061,16.78000832,0.327504009,9.774916184,-6.303426218,16.00457669,-0.654764604,24.82831861,5.965690184,19.63128568,10.84666019
300,300,300,300,300,300,300,300,300,300,300,300,300,300,300,300,17.55020628,-1.067404619,15.66085443,-3.694458834,11.04706392,8.991545805,15.52414608,-3.093785524,19.03817949,-13.52433096,12.67903433,-6.893487802,26.97443781,-6.072717539,7.344596003,-17.82838832
300,300,300,300,300,300,300,300,300,300,300,300,300,300,300,300,16.09547104,1.238188424,15.4478909,1.318935075,24.31607498,-2.544417701,15.19583035,-0.699134886,16.56659664,2.444113412,16.09955181,2.685259499,29.49890007,-12.02510985,25.31833519,-11.95455404
300,300,300,300,300,300,300,300,300,300,300,300,300,300,300,300,16.03567678,3.505701088,18.68612844,2.438948654,17.6100958,4.354400658,13.99074554,1.821375728,32.38989907,-27.37846086,15.11797792,1.570155167,20.79914933,10.52932742,10.05027086,3.091580414
300,300,300,300,300,300,300,300,300,300,300,300,300,300,300,300,16.59502091,-1.83182013,19.16221681,0.895959259,23.47397866,-3.779974579,14.68102741,-1.710679054,16.65072026,12.17158258,19.07385507,2.519856811,23.08056512,2.624051452,32.43478646,7.342633606
300,300,300,300,300,300,300,300,300,300,300,300,300,300,300,300,11.98351906,-3.461390246,12.99084996,1.719984304,7.011329158,2.05719019,13.54658031,-6.697386742,11.61576699,-4.280330409,16.69842289,-2.75301813,14.93153523,0.694444905,6.313417419,7.823194753
300,300,300,300,300,300,300,300,300,300,300,300,300,300,300,300,16.33437045,-3.242180448,15.05964931,4.291831393,19.74987491,-20.73167954,14.4382534,-0.126935795,15.42854007,-4.672012907,14.65976604,-1.891941648,11.02627166,-0.2155119,25.00383075,8.384654421
300,300,300,300,300,300,300,300,300,300,300,300,300,300,300,300,16.1384906,-4.007458396,14.40850822,6.828567795,23.86286728,-3.77705545,14.30932617,0.669402778,17.43822948,-13.16487069,17.72134868,-2.598103233,19.88710777,-4.327035613,20.52611343,8.117500596
300,300,300,300,300,300,300,300,300,300,300,300,300,300,300,300,12.6604717,-3.239646739,18.02833917,0.825409108,14.81286886,6.452596837,14.62987804,-2.000401974,28.5763109,-18.01928867,17.93670252,2.838880711,22.72870806,15.90953844,18.04430559,4.319378071
300,300,300,300,300,300,300,300,300,300,300,300,300,300,300,300,13.68848778,-11.94171516,9.671855699,20.09946068,18.36271263,-22.42357675,18.88510895,-7.558284283,18.98048378,-22.95626966,17.25539948,10.86670693,21.3734491,-28.37151029,11.49379612,-4.568403163
300,300,300,300,300,300,300,300,300,300,300,300,300,300,300,300,29.44942762,-2.498833132,34.20686628,-3.363035631,32.15593816,-19.22656752,16.79394913,-1.199780941,30.62913419,-11.95752473,27.34474279,3.398591566,33.73144437,17.16801982,35.07698537,0.893230009
300,300,300,300,300,300,300,300,300,300,300,300,300,300,300,300,25.57592592,0.58914102,31.03024683,14.64548791,29.54657564,7.359286436,30.45347404,12.02553463,28.65283975,-2.640553346,25.89326486,0.727343687,26.7254468,-6.030424944,30.37929544,-3.578093401
300,300,300,300,300,300,300,300,300,300,300,300,300,300,300,300,32.52559914,1.297406831,30.28943505,3.544777551,28.42757859,-8.480234943,29.98461533,0.557551622,30.11764016,3.954855599,30.16952767,4.659990945,45.0660006,-14.75513657,53.30249276,-14.32096191
300,300,300,300,300,300,300,300,300,300,300,300,300,300,300,300,30.5089615,1.964127564,34.42913133,-7.939107395,28.87516099,0.983701729,30.8651371,-4.280537605,32.91670495,-4.264752365,27.49121743,0.899471306,28.25127298,5.359428429,41.23018533,17.30756762
300,300,300,300,300,300,300,300,300,300,300,300,300,300,300,300,30.68253961,-1.81779158,33.72540154,0.93932283,47.6195456,-7.334077477,31.08546829,0.938683033,31.97285714,5.933606506,30.14867654,9.200108887,34.9913794,1.011996628,34.29671922,-0.726109146
300,300,300,300,300,300,300,300,300,300,300,300,300,300,300,300,29.20348309,-0.304095019,32.11847637,1.782282125,26.94409321,20.69681955,28.1297245,1.754829168,29.48257016,-0.549858798,31.39463757,3.385881673,31.70952557,9.999355565,23.86391018,9.870208989
300,300,300,300,300,300,300,300,300,300,300,300,300,300,300,300,30.30701526,-2.811960798,30.35879214,-4.076822858,29.07578166,-0.169237714,30.05566025,-0.170976847,30.15185054,-3.834419828,30.63661273,0.39251079,34.06925281,10.24340381,33.42071231,5.205117602
300,300,300,300,300,300,300,300,300,300,300,300,300,300,300,300,32.1053714,-4.382080741,29.68842308,1.267702393,34.14813415,9.377889924,30.43764305,-0.294596434,32.35943786,-3.616873451,29.54397957,-0.204913803,33.12637512,-1.649601646,29.07888405,20.95054083
300,300,300,300,300,300,300,300,300,300,300,300,300,300,300,300,26.38591364,4.510309392,29.01132944,2.884266072,39.26903131,-0.731874294,31.0839901,-28.48199463,29.22318247,-38.31796247,29.96261194,8.820787602,48.97864511,2.825956517,51.61455515,31.21819704
300,300,300,300,300,300,300,300,300,300,300,300,300,300,300,300,31.00271202,-10.86350814,29.12471939,12.47883233,39.76259972,-7.352668681,29.6659565,-1.029285789,30.60163284,-15.19320003,33.27478577,1.853532872,45.6264608,-17.42832462,32.77839447,-5.843326488
300,300,300,300,300,300,300,300,300,300,300,300,300,300,300,300,46.99392797,-1.297094774,49.13941289,3.395825911,48.99796773,-15.87596364,45.57209396,-1.295321584,46.32168294,-4.303218317,45.86946202,2.107329893,44.16317846,12.78272777,41.47551061,4.950997877
300,300,300,300,300,300,300,300,300,300,300,300,300,300,300,300,47.68768511,0.396393904,49.89447985,-3.602572313,43.74188051,-14.8233441,44.96763229,-0.289159626,37.47532472,5.475369581,40.86918077,3.888499388,51.42786226,0.05961717,41.45679674,-2.852965227
300,300,300,300,300,300,300,300,300,300,300,300,300,300,300,300,47.41717018,0.089049973,43.95972695,4.56818644,46.69781746,-8.01582273,30.85375023,-1.360488415,49.11281456,1.445703187,47.20635094,2.864020028,56.47444786,-11.04746398,47.80971779,-15.14537939
300,300,300,300,300,300,300,300,300,300,300,300,300,300,300,300,48.67209893,0.818479561,46.76853448,-2.3010597,52.07349664,1.75334742,44.81846619,-1.287671804,47.7531727,1.410199188,46.54017144,0.043655418,51.99897271,-5.72394035,48.73316842,9.242609047
300,300,300,300,300,300,300,300,300,300,300,300,300,300,300,300,45.89846101,-5.267624497,48.60535874,1.87395227,57.51516786,-4.477665543,47.0356369,-2.07520628,44.7915236,6.083644272,47.64077439,5.909522415,59.3073813,-13.59977925,51.51596513,1.533406616
300,300,300,300,300,300,300,300,300,300,300,300,300,300,300,300,44.21185444,-2.650026072,45.55537175,4.183962117,55.06926106,9.90791155,43.38261032,-0.075921111,46.10919331,-25.85290216,42.54265354,4.461506139,46.85181187,10.90062548,44.75573109,5.599457036
300,300,300,300,300,300,300,300,300,300,300,300,300,300,300,300,45.42731937,-1.849566084,44.11335452,2.443391222,53.25958331,7.691516299,45.33214569,0.032241769,45.67934878,-6.609743696,45.38392718,-5.425655943,62.82670291,-15.25670205,56.4758118,-0.844210249
300,300,300,300,300,300,300,300,300,300,300,300,300,300,300,300,46.36754028,-2.490145393,45.73244659,4.143791489,59.29093353,6.032987885,45.13205338,-0.183667347,46.06401245,-4.580121704,45.54485885,-0.178754516,43.09786407,4.557087235,56.04776184,9.894031815
300,300,300,300,300,300,300,300,300,300,300,300,300,300,300,300,44.78719309,3.97965067,48.47349909,1.176569157,60.00345972,2.543842488,60.41697693,-26.71574974,58.33465936,-30.33886034,46.73065927,15.98253649,67.13568857,7.863126927,47.69631937,16.72394198
300,300,300,300,300,300,300,300,300,300,300,300,300,300,300,300,43.69734169,-11.01993362,47.3404348,16.78694161,55.83097054,-16.55949012,44.89073563,-0.196221232,63.02923943,-11.27937118,48.10494972,3.329788289,63.57354332,-12.85047237,56.18654228,-6.916232982
300,300,300,300,300,300,300,300,300,300,300,300,300,300,300,300,59.62010289,-3.245638323,64.09290792,8.577241469,58.11437322,-0.711727571,62.48511887,-0.975327253,60.05953695,-3.164352846,56.88704396,-2.290777635,56.43509389,24.21601634,58.97004033,0.319583464
300,300,300,300,300,300,300,300,300,300,300,300,300,300,300,300,60.8771306,-5.500258318,62.33669481,14.55411447,62.61347399,-10.7517861,52.36679459,-2.897643089,59.34590349,0.211459288,59.09386263,15.85838617,70.37063799,-16.81605183,50.75294313,-9.029636255
300,300,300,300,300,300,300,300,300,300,300,300,300,300,300,300,62.22590889,-1.261933646,64.07527031,-3.931130729,76.70922341,-8.702659927,59.81422043,2.740377665,60.5574099,0.865451493,61.27040734,-0.18048986,64.92309059,-19.44494947,67.327006,-2.69865068
300,300,300,300,300,300,300,300,300,300,300,300,300,300,300,300,60.27298623,-0.313590027,64.17092401,0.065355324,64.08239251,1.352115654,60.42181396,-0.530326784,62.20436364,0.108699822,64.4985531,2.85540583,67.6977604,-12.08506636,67.40004617,-3.43855188
300,300,300,300,300,300,300,300,300,300,300,300,300,300,300,300,57.7473227,-1.089625,67.55146089,1.592624069,67.36986604,-3.761274933,59.18930054,-1.63772583,65.92216935,11.0155462,66.11508241,4.540082336,84.46325746,-2.888935684,64.1572844,8.946360946
300,300,300,300,300,300,300,300,300,300,300,300,300,300,300,300,43.91575764,-1.468231906,59.65742253,4.344635259,82.8362975,-5.187433947,60.77917099,-1.31704843,58.30571507,0.231111776,74.09280537,5.591116201,65.78058003,18.29090525,53.39690922,15.34664942
300,300,300,300,300,300,300,300,300,300,300,300,300,300,300,300,59.56884463,-5.451611143,57.91470798,0.988055605,67.99552615,5.810853381,59.72805786,-0.339375168,59.24028476,-3.327524763,59.88980182,3.653952975,79.19820102,7.064780611,64.14711459,-2.490484815
300,300,300,300,300,300,300,300,300,300,300,300,300,300,300,300,60.48954574,-3.8775279,62.18982498,5.985491089,64.30794327,13.93110495,71.72943115,0.836339474,71.08958618,-4.530534454,63.06015579,0.597086243,69.4584674,2.193977646,68.96660797,3.457918458
300,300,300,300,300,300,300,300,300,300,300,300,300,300,300,300,61.28815058,-5.474061794,61.73720911,-3.922925777,83.70571878,2.986343556,76.00479889,-0.557811439,59.26702097,-30.99718077,63.80032709,8.820835286,83.67102793,21.24998491,73.90941599,-0.529393978
300,300,300,300,300,300,300,300,300,300,300,300,300,300,300,300,63.28073097,-13.22525779,56.52703453,24.65102013,72.97541786,-12.28404418,60.00390244,-1.325763822,71.59411598,-13.09148208,59.54974724,5.294597707,80.77552773,-12.73624412,69.53173805,-1.646325984
300,300,300,300,300,300,300,300,300,300,300,300,300,300,300,300,75.33554555,-10.94434876,77.12422658,8.163569975,73.85903646,-8.090852213,75.11281586,-2.006344318,75.1230364,-3.682915163,74.62359334,-2.821087312,76.34631063,19.59189754,76.33408834,5.040179777
300,300,300,300,300,300,300,300,300,300,300,300,300,300,300,300,74.79379473,-5.084334246,79.80363664,13.76885904,89.45475206,3.332406172,59.50325775,-1.296810627,61.09734926,-7.137960306,73.95130358,-0.515749803,65.90195665,-9.851731172,68.11142168,-11.11235892
300,300,300,300,300,300,300,300,300,300,300,300,300,300,300,300,79.52033486,2.519477525,79.48346199,-2.275800071,60.11192955,-1.460460029,60.27616119,-0.17382504,77.07223,-0.253893218,76.01202645,0.825235047,82.49619545,-15.86528142,79.61332192,-12.45363595
300,300,300,300,300,300,300,300,300,300,300,300,300,300,300,300,80.90503579,-0.044125534,77.78896219,1.634386086,71.58460885,5.322286629,68.30080414,-0.652423203,62.38232309,1.387796425,79.32204324,3.70017054,83.36546212,-1.581888176,79.73001748,1.889364266
300,300,300,300,300,300,300,300,300,300,300,300,300,300,300,300,77.46131196,-6.355373024,80.11642518,-0.370760559,72.05722108,6.446620346,88.64438629,-1.528715968,74.43840852,8.746318222,79.74050202,1.435277344,95.19288697,6.903027893,82.422753,5.926980377
300,300,300,300,300,300,300,300,300,300,300,300,300,300,300,300,74.01687001,-0.973090876,75.61904286,-2.353677501,80.29236744,1.763233434,77.67630005,-0.658836782,74.84366749,-0.560711612,89.41723774,5.460687886,92.23794697,-3.642684688,78.46112965,-5.900321711
300,300,300,300,300,300,300,300,300,300,300,300,300,300,300,300,74.60212405,-5.097580534,73.71669467,1.162328143,85.93143161,-7.076717954,74.86420441,-0.338077426,90.80430301,-5.052782636,73.58758243,1.171685595,81.54192813,4.119841952,79.61822208,-8.288052183
300,300,300,300,300,300,300,300,300,300,300,300,300,300,300,300,77.45781128,0.574274354,75.7847995,7.0984767,100.5154819,-4.784986205,75.76670837,-0.375677615,79.21959106,-0.297969528,93.55831329,-3.504380889,91.12738983,-0.08422441,95.52868072,5.375253968
300,300,300,300,300,300,300,300,300,300,300,300,300,300,300,300,75.49533823,1.902263814,77.54992655,-0.255906887,89.04386881,0.672548466,75.27954865,1.870641828,76.68442514,-5.198538608,74.60769632,-0.195567913,100.4011381,-6.10806734,87.07596567,-1.290071315
300,300,300,300,300,300,300,300,300,300,300,300,300,300,300,300,73.86321236,-12.71012584,76.73863197,6.385166249,87.01369454,-10.80480949,77.09542084,1.645757914,83.24131752,-14.09704963,87.73214699,10.7120324,81.58371712,-18.27955047,82.48493935,-6.5085601
300,300,300,300,300,300,300,300,300,300,300,300,300,300,300,300,92.98739339,-7.547681284,93.02319814,4.438474226,85.116704,-9.025870752,75.2798233,2.400480032,82.13761617,-6.317058992,90.73468496,1.262612868,81.2921877,21.31292872,87.75919057,5.219075728
300,300,300,300,300,300,300,300,300,300,300,300,300,300,300,300,93.35908708,-8.715952745,94.86502275,10.64127649,80.12101183,-4.085869661,75.58382416,0.40232873,84.6783925,-11.82774626,83.45821581,-5.357016435,91.30794725,-18.55210148,78.79818163,-21.8018304
300,300,300,300,300,300,300,300,300,300,300,300,300,300,300,300,94.78406014,-0.099674545,97.24030556,-2.619652114,87.53925576,-16.59889825,75.39228821,0.325168103,77.51636757,-1.857703529,91.62002816,0.357511201,85.88466896,-9.377455316,94.42494454,-10.87554129
300,300,300,300,300,300,300,300,300,300,300,300,300,300,300,300,95.41344339,5.586662315,96.10874826,2.073328995,73.00382119,3.525665306,75.22972107,0.236840084,78.9159916,2.015770935,84.93482858,4.284383797,84.71554452,-7.925856567,85.46232492,1.987698578
300,300,300,300,300,300,300,300,300,300,300,300,300,300,300,300,92.05228486,-3.387976288,97.37011781,-3.865591644,86.52363648,-12.44577801,90.21549225,-1.612406373,96.20469727,8.959966064,96.50613465,0.448977829,93.3132483,-0.435730576,88.35523286,2.393615127
300,300,300,300,300,300,300,300,300,300,300,300,300,300,300,300,93.07686756,2.556648503,90.58693837,6.101988088,87.74500416,4.79647852,92.18091583,-0.71352613,74.80944966,-1.687972773,89.70860432,0.742673169,102.4027419,0.710522901,80.77277516,3.996547948
300,300,300,300,300,300,300,300,300,300,300,300,300,300,300,300,88.81448825,-3.771294218,88.58696445,1.356278796,88.86063083,-0.741333585,90.02124023,-0.164324254,90.64814456,-3.87509976,88.60747989,-3.748680692,98.74255832,-24.80379744,85.06576236,-1.026795011
300,300,300,300,300,300,300,300,300,300,300,300,300,300,300,300,92.34957306,-3.586882301,92.24835388,1.526108079,102.6290836,3.653801255,89.89758301,1.936443925,92.89944641,-2.387030311,93.9875354,-3.083525367,111.2893466,7.166000657,96.9843692,-4.194871612
300,300,300,300,300,300,300,300,300,300,300,300,300,300,300,300,90.84967783,-7.696024723,92.47634866,6.135196858,96.86947611,-0.209693737,79.23877716,-0.714414001,93.50671366,-34.68879492,94.24957254,7.067087346,93.46613291,3.383436375,108.6508253,-10.963785
300,300,300,300,300,300,300,300,300,300,300,300,300,300,300,300,92.62725807,-16.45222942,87.28599526,12.73421868,96.21963478,-3.112937846,89.06152344,-0.958934784,89.26076485,-16.05154983,92.76110054,19.78089913,87.62143685,-11.66796867,85.35076119,-3.627250591
300,300,300,300,300,300,300,300,300,300,300,300,300,300,300,300,-92.10010814,-28.2287497,-89.64687632,-22.96688838,-88.14943217,-26.23246331,-92.96228027,-30.48784447,-93.41570567,-29.68548627,-88.51774882,-15.94961352,-105.1633482,-11.20072598,-84.59818553,-21.87605257
300,300,300,300,300,300,300,300,300,300,300,300,300,300,300,300,-91.58270826,-26.01895987,-89.58630934,-26.64858042,-85.72195234,-25.67342078,-77.8169632,-28.8990593,-79.69486799,-48.91312682,-88.36565199,-30.70765292,-79.99477949,-32.90186488,-74.72295179,-39.77037131
300,300,300,300,300,300,300,300,300,300,300,300,300,300,300,300,-94.88621269,-26.53104528,-93.65903984,-27.3223842,-85.40391288,-34.086881,-59.94359207,-27.98016739,-96.71215568,-23.24094995,-91.61037193,-28.32632669,-96.75904594,-30.57783636,-81.9007772,-30.21432813
300,300,300,300,300,300,300,300,300,300,300,300,300,300,300,300,-92.49733847,-21.55898283,-75.87996024,-47.19194601,-59.14957923,-15.640856,-63.29642105,-22.16038132,-61.96923178,-31.64277456,-55.06913871,-34.64357565,-53.38658255,-11.93499342,-59.09734076,-17.14829252
300,300,300,300,300,300,300,300,300,300,300,300,300,300,300,300,-95.2815927,-35.09604418,-93.76208434,-25.61204684,-81.37576232,-23.94111597,-89.28181458,-28.96151543,-93.98720489,-19.77640822,-93.23909698,-25.41140997,-78.35625396,-22.57964766,-87.15824828,-11.77652132
300,300,300,300,300,300,300,300,300,300,300,300,300,300,300,300,-88.97161724,-23.28533148,-88.05622722,-25.78484701,-76.64443828,-21.94511198,-71.53430176,-0.364940554,-62.85056545,-31.38823866,-89.5225587,-33.62787794,-79.4576707,-29.69427656,-90.99130108,-20.16620993
300,300,300,300,300,300,300,300,300,300,300,300,300,300,300,300,-89.53295438,-28.75640736,-93.14000241,-24.87352,-79.74530331,-24.00062178,-89.65618896,-27.85334396,-91.06730191,-33.84447537,-90.53945462,-27.68022237,-83.1369888,-25.15839354,-78.11713712,-44.79899846
300,300,300,300,300,300,300,300,300,300,300,300,300,300,300,300,-90.7628003,-32.69960756,-88.27086457,-26.86682481,-79.70446595,-26.76027364,-59.79586029,-28.08514786,-72.197836,-30.21660203,-82.61078461,-30.03690691,-87.92207154,-33.56175584,-76.69143494,-18.91819174
300,300,300,300,300,300,300,300,300,300,300,300,300,300,300,300,-95.76062033,-27.6793688,-87.42910025,-29.25726492,-94.52830527,-14.92261059,-89.70228577,-28.5412941,-86.92041037,-30.61696512,-93.48165152,-27.9226597,-77.15676901,-26.37162668,-87.55453512,-31.79524118
300,300,300,300,300,300,300,300,300,300,300,300,300,300,300,300,-91.37754082,-47.05906478,-84.69135307,-8.307241359,-87.07482933,-36.20509521,-86.51010132,-19.83561707,-83.12776207,-42.1990718,-90.93691276,-0.876741329,-98.34997581,-21.59038917,-107.2832339,-31.95131485
300,300,300,300,300,300,300,300,300,300,300,300,300,300,300,300,-62.4552946,-30.26491113,-58.63135051,-27.01664443,-52.78966044,-17.40421147,-57.17795181,-27.78538322,-56.5073881,-33.58424706,-64.29133891,-15.14804311,-58.82599925,-6.857443285,-61.85556315,-16.82609744
300,300,300,300,300,300,300,300,300,300,300,300,300,300,300,300,-61.81904402,-32.84271514,-58.40453138,-19.68345403,-64.53590193,-45.02833258,-53.00996399,-28.65031815,-52.30986586,-27.37071597,-62.40768232,-33.52016055,-51.43529692,-19.02541982,-41.71808806,-37.64950835
300,300,300,300,300,300,300,300,300,300,300,300,300,300,300,300,-63.44656883,-27.61868509,-64.61726127,-27.18896326,-40.59415184,-35.9623216,-61.51608658,-27.64160919,-57.86418663,-25.27097829,-62.97763572,-25.39646181,-62.87872062,-29.75123342,-71.74350486,-44.06343778
300,300,300,300,300,300,300,300,300,300,300,300,300,300,300,300,-63.93608969,-31.12576292,-59.17387122,-33.15725134,-54.28514975,-37.35662267,-51.67024994,-27.49127579,-56.87273902,-28.40062616,-49.33643454,-20.60905359,-48.6853649,-12.00274888,-66.49752921,2.613350891
300,300,300,300,300,300,300,300,300,300,300,300,300,300,300,300,-58.84375701,-24.89421427,-56.49516997,-34.6278969,-55.27027831,-22.42695868,-57.50082779,-30.32561302,-60.75341735,-16.75361907,-58.46606765,-22.06913197,-54.12657485,-10.46403277,-64.17431579,-5.207320809
300,300,300,300,300,300,300,300,300,300,300,300,300,300,300,300,-57.90623714,-30.788944,-59.47997524,-26.57219004,-57.63826229,-26.4038875,-55.82648087,-28.69278908,-60.7632661,-32.44626783,-60.85819866,-31.76493048,-61.21842815,-34.56862615,-62.33580639,-22.23746466
300,300,300,300,300,300,300,300,300,300,300,300,300,300,300,300,-59.5085098,-31.80709086,-60.68346707,-27.74134574,-56.26663129,-26.00466083,-60.25341034,-28.20344734,-60.94721524,-27.68619881,-59.68297498,-29.0571271,-56.16798703,-36.32500134,-57.08324735,-44.04694043
300,300,300,300,300,300,300,300,300,300,300,300,300,300,300,300,-58.13418396,-31.59367055,-58.99489029,-26.72895689,-65.38274201,-34.58319063,-56.25156784,-28.35789108,-53.5809079,-32.53659219,-57.53230103,-31.20721883,-54.99511917,-35.09955186,-53.20122345,-16.12618113
300,300,300,300,300,300,300,300,300,300,300,300,300,300,300,300,-58.75035498,-32.88354284,-62.61858389,-20.37933762,-69.14083121,-19.40475161,-59.59123611,-28.15798378,-62.84956381,-40.13109762,-65.58953879,-27.9427746,-79.11480734,-28.09689791,-84.8706896,-36.79217321
300,300,300,300,300,300,300,300,300,300,300,300,300,300,300,300,-63.11902641,-43.07603351,-57.6215403,-22.73122875,-63.91130852,-38.89056198,-59.58211136,-22.38711739,-61.0745623,-46.85288993,-56.57784675,-11.17636482,-65.6705172,-46.62064163,-65.68107628,-33.77607528
300,300,300,300,300,300,300,300,300,300,300,300,300,300,300,300,-33.02781962,-27.594171,-27.43038081,-22.05710716,-26.3042879,-25.89759965,-31.61279297,-28.74456215,-28.10340976,-34.18740029,-29.17374896,-28.27667088,-30.3322668,0.789260435,-33.90254496,-14.04794545
300,300,300,300,300,300,300,300,300,300,300,300,300,300,300,300,-33.21398726,-31.75782191,-27.78616514,-28.34788357,-26.4104022,-23.66703211,-30.08151245,-29.15676308,-32.22862806,-31.229411,-29.37684431,-23.67737996,-35.09621611,-21.65246782,-31.82263746,-40.59586798
300,300,300,300,300,300,300,300,300,300,300,300,300,300,300,300,-33.23986564,-26.72455152,-35.75293861,-30.66329702,-32.85994087,-33.19745954,-30.27533722,-27.53839111,-33.20018516,-23.29391798,-30.86744056,-21.166478,-38.61035286,-32.51147016,-31.026296,-35.1712354
300,300,300,300,300,300,300,300,300,300,300,300,300,300,300,300,-29.08738822,-25.42886541,-27.18274802,-30.73460386,-26.79657286,-14.33595524,-30.22066116,-28.76650047,-30.78494757,-31.03571317,-26.00429457,-33.11879728,-25.4925186,-24.28122327,-15.85851401,-15.00097654
300,300,300,300,300,300,300,300,300,300,300,300,300,300,300,300,-38.79816375,-32.54750311,-35.64115844,-11.94781601,-28.37114081,-30.46935618,-29.87709618,-27.72142601,-31.2813066,-18.88813525,-32.51290832,-20.67345112,-32.94155822,-32.09394419,-30.394523,-33.47961867
300,300,300,300,300,300,300,300,300,300,300,300,300,300,300,300,-31.7560487,-27.81060575,-26.03201725,-25.08939623,-34.31993343,-26.83942102,-31.28609085,-27.90522575,-33.52395488,-29.8791902,-32.95276882,-27.71770166,-37.71260311,-34.98151182,-26.482924,-27.415179
300,300,300,300,300,300,300,300,300,300,300,300,300,300,300,300,-30.32555692,-32.10772858,-30.07172315,-28.04095874,-29.38222806,-33.50978909,-30.04242325,-28.07547569,-30.10915295,-32.4820982,-29.54692189,-26.30240927,-26.93704526,-32.43533192,-39.7206413,-45.08176861
300,300,300,300,300,300,300,300,300,300,300,300,300,300,300,300,-26.78734024,-32.4172141,-29.11177262,-26.87526674,-39.64483078,-33.52366418,-30.98876953,-28.30201912,-31.26577957,-33.33845682,-28.59654244,-28.28036661,-38.43739136,-36.84109277,-35.27281388,-30.22742815
300,300,300,300,300,300,300,300,300,300,300,300,300,300,300,300,-31.4159796,-26.37611372,-27.41941283,-31.94415266,-47.46800253,-21.58153994,-29.90389061,-27.71842194,-30.49762938,-38.59435255,-30.99672529,-16.94028268,-62.83768484,-24.89444763,-35.56813833,-28.75118238
300,300,300,300,300,300,300,300,300,300,300,300,300,300,300,300,-28.7764666,-39.41956035,-24.48237442,-8.653497615,-31.39476036,-51.52773658,-31.12901688,-26.76177025,-30.74505257,-41.5513982,-28.84568619,-16.87991516,-38.24161934,-42.81163684,-42.96541237,-45.12024681
300,300,300,300,300,300,300,300,300,300,300,300,300,300,300,300,-2.291293133,-30.900495,1.971391123,-17.86520143,-4.713881958,-25.05094285,0.373841822,-29.01950455,2.79376049,-28.30317159,-1.95909642,-28.97135587,0.961949956,0.360065031,4.782485258,-42.56444974
300,300,300,300,300,300,300,300,300,300,300,300,300,300,300,300,-2.529339219,-28.02984988,1.833438178,-28.15276562,-1.954491998,-27.2132939,0.800109029,-42.50807571,-11.25264731,-42.72223555,-0.264938141,-24.6868478,7.589619731,-14.4297136,-2.75010481,-23.36155187
300,300,300,300,300,300,300,300,300,300,300,300,300,300,300,300,2.087305325,-29.19085821,1.065576854,-33.29970106,2.025567668,-30.04262289,1.032670021,-27.73817444,-0.26353274,-22.98713335,4.752780336,-23.98757871,13.78276028,-43.33973821,-3.044085843,-52.54916891
300,300,300,300,300,300,300,300,300,300,300,300,300,300,300,300,1.761404931,-29.03899,0.092126429,-30.21661565,3.769323617,-30.13879964,0.797598124,-29.30600357,2.18060106,-31.23110387,3.656791657,-26.88544462,5.02758187,-20.53164051,4.283209204,-23.4143419
300,300,300,300,300,300,300,300,300,300,300,300,300,300,300,300,1.097512149,-34.08315527,4.378624582,-30.98433173,-0.95864091,-5.441958069,-0.063091174,-26.42082214,-2.41700492,-22.75858486,-0.133884526,-24.11951363,1.936063015,-19.90310823,2.158707523,-30.8551327
300,300,300,300,300,300,300,300,300,300,300,300,300,300,300,300,-0.104259447,-29.57507585,3.782308563,-28.48126863,-4.278051392,-24.40135073,2.650182724,-30.3394928,-7.55999519,-27.28312372,3.099741681,-33.59317373,-6.169451253,-26.89496397,-6.044635789,-12.08776258
300,300,300,300,300,300,300,300,300,300,300,300,300,300,300,300,0.512014109,-29.36357031,-0.465837282,29.4937395,0.713246662,-17.09338818,0.166155353,-28.01202393,0.804749567,-30.45028077,-0.199363392,-24.3075637,-5.463605088,-46.46250592,-3.611332816,-47.97280369
300,300,300,300,300,300,300,300,300,300,300,300,300,300,300,300,2.054076712,-33.69796342,-2.703832229,-25.47775526,3.411383282,-39.81264848,-0.539888859,-27.68575859,1.399546902,-29.93036909,1.773896258,-30.42120714,-1.485957225,-35.15478868,-1.113559325,-25.74932355
300,300,300,300,300,300,300,300,300,300,300,300,300,300,300,300,-1.233391974,-33.8084181,2.089362528,-26.02667505,-1.117130492,-20.74745757,-0.462802112,-26.56291771,1.082338479,-22.79207451,-0.171987656,-25.50090677,9.420272615,-18.90713126,11.82980993,-20.50860578
300,300,300,300,300,300,300,300,300,300,300,300,300,300,300,300,0.575878989,-41.83294574,2.137620892,-26.75582902,-1.496019829,-47.37259094,-0.031143755,-27.95840645,4.66403557,-38.9308118,1.843131762,-10.60820953,4.179434787,-32.02602355,-5.544552554,-35.84630529
300,300,300,300,300,300,300,300,300,300,300,300,300,300,300,300,31.36338712,-29.80425591,29.57518674,-30.05598302,32.03340436,-25.61319728,26.90480423,-28.22311783,31.56157209,-35.36737008,31.81278516,-26.2323813,28.83051397,-0.363981676,31.68609334,-19.76538063
300,300,300,300,300,300,300,300,300,300,300,300,300,300,300,300,30.77476129,-35.59432494,31.6408082,-17.94041716,32.57654009,-29.66791331,31.32567596,-35.977211,26.38103113,-29.41435658,29.0819169,-26.08629214,26.07028398,-26.64821183,36.18242464,-2.387591234
300,300,300,300,300,300,300,300,300,300,300,300,300,300,300,300,30.8407618,-27.6121486,27.10284485,-26.73356756,30.65584053,-27.60612424,30.25832176,-27.88868332,30.1443869,-26.06604608,29.93898835,-30.70341047,47.09918083,-41.17857107,33.3766848,-41.04000028
300,300,300,300,300,300,300,300,300,300,300,300,300,300,300,300,30.50344354,-30.63098333,31.53342706,-27.27144525,31.90721589,-23.23450372,31.43028069,-29.40360641,31.25214654,-27.96942232,30.71682245,-19.31708906,42.93567544,-27.65098569,32.30295831,-25.45973108
300,300,300,300,300,300,300,300,300,300,300,300,300,300,300,300,28.30855241,-39.92534316,29.55152383,-15.45043957,31.53738084,-21.98280513,29.80352783,-29.13579369,25.66328683,-19.6696387,33.44269051,-29.33300364,42.18626466,-21.97497094,34.80848374,-33.14325964
300,300,300,300,300,300,300,300,300,300,300,300,300,300,300,300,29.65568493,-25.33420442,32.71147679,-25.19212316,28.60022686,-30.98372625,29.86555862,-28.16238403,30.54703854,-30.4780538,31.27262638,-28.76263117,24.88188885,-33.61229109,34.48980473,-35.36357283
300,300,300,300,300,300,300,300,300,300,300,300,300,300,300,300,29.55842097,-34.64068375,27.97495349,-26.14340244,32.52062305,-23.15987335,29.70360565,-28.30666351,28.28954776,-28.86663304,29.62569125,-23.38772843,26.72455295,-13.03766308,30.64439662,-44.67148648
300,300,300,300,300,300,300,300,300,300,300,300,300,300,300,300,31.16914169,-31.80253095,31.05395309,-28.2815339,40.99948684,-36.38925523,29.63801193,-28.38731575,32.0248336,-29.91597814,31.98982231,-29.96548337,34.18488685,-38.83739442,38.60719864,-38.06559534
300,300,300,300,300,300,300,300,300,300,300,300,300,300,300,300,29.13395479,-35.0351351,31.78306177,-26.42640478,44.6032789,-33.53542311,29.30518913,-27.11953545,29.53450563,-37.65810377,31.59811762,-20.57168252,45.69418314,-31.24627764,30.39330652,-34.22725851
300,300,300,300,300,300,300,300,300,300,300,300,300,300,300,300,30.99804093,-44.88190071,24.44928337,-16.27761547,33.93532921,-48.95009223,30.93707657,-28.21475792,31.89847733,-41.41195385,31.1048143,-20.07461349,37.43920113,-50.03852264,34.05633141,-41.36568538
300,300,300,300,300,300,300,300,300,300,300,300,300,300,300,300,58.122674,-31.58943505,52.79140569,-19.42639149,60.21088124,-25.99891181,59.1776619,-28.73222542,60.51135732,-31.9000792,59.15860082,-23.17139788,53.75413228,3.913997221,56.90102483,-36.27973409
300,300,300,300,300,300,300,300,300,300,300,300,300,300,300,300,60.34448442,-33.39679419,63.44070253,-23.71548544,56.85870561,-23.39156376,58.37863922,-41.3604126,52.47764406,-38.96986662,62.34700594,-23.04637968,73.1705266,-35.52405631,42.50738726,-39.93920027
300,300,300,300,300,300,300,300,300,300,300,300,300,300,300,300,63.96438851,-32.05937322,61.83648552,-30.39232191,67.34424843,-34.0011762,29.08398819,-27.8511734,63.67920937,-27.82859643,60.48060479,-35.07227262,45.17204155,-42.24186643,64.74775948,-34.91826566
300,300,300,300,300,300,300,300,300,300,300,300,300,300,300,300,62.22539026,-28.16232107,62.27099115,-32.34616659,52.79382974,-21.9919071,61.16836929,-29.07006073,64.92973214,-30.33896635,64.59670526,-37.79546354,61.25620157,-24.52021787,58.36977655,-18.4040365
300,300,300,300,300,300,300,300,300,300,300,300,300,300,300,300,63.94381394,-34.12853491,60.33651032,-31.87035811,55.18330064,-35.52720034,60.90367126,-29.91827393,58.1745955,-28.93129313,62.1022078,-30.19797957,65.15483918,-27.41439736,55.4127356,-29.10358488
300,300,300,300,300,300,300,300,300,300,300,300,300,300,300,300,59.24516056,-28.72297548,59.5827689,-24.4697616,75.77377461,-31.9641931,60.14556122,-27.66198921,28.34973095,-26.09324335,54.14008473,-25.7705171,62.51896427,-31.90729116,56.0340514,-35.67814421
300,300,300,300,300,300,300,300,300,300,300,300,300,300,300,300,59.52851184,-29.17905293,59.24614413,-28.63857303,59.10333331,-33.10672579,60.04256821,-28.08577538,58.50748904,-36.08321248,58.35339053,-36.8766285,90.67580875,7.872970004,61.44199451,-49.64465008
300,300,300,300,300,300,300,300,300,300,300,300,300,300,300,300,63.23190109,-32.5872447,61.19703476,-29.261728,57.20425979,-36.85372324,60.12361526,-28.86328316,54.22169296,-35.5234601,58.96381561,-28.78657884,64.0330867,-27.0931632,73.13075439,-21.46377582
300,300,300,300,300,300,300,300,300,300,300,300,300,300,300,300,58.57309702,-32.87860472,64.51575449,-28.09256823,75.68184641,-29.15032465,64.93886566,-27.5385685,59.77546289,-38.24638159,60.38725641,-20.23790485,66.52678659,-35.80152304,66.88343027,-2.539614505
300,300,300,300,300,300,300,300,300,300,300,300,300,300,300,300,59.09668709,-44.32751552,56.24475075,-17.83610717,67.22642494,-56.26215164,60.13321304,-28.18542862,61.66751076,-45.13519851,58.11697365,-21.71630374,74.77012612,-47.17649642,63.43047691,-41.61054126
300,300,300,300,300,300,300,300,300,300,300,300,300,300,300,300,93.68610097,-35.48925538,90.3129244,-28.43142934,82.75069143,-26.17037005,76.58512878,-3.139540911,95.38804342,-31.2110085,87.7894869,-33.2826056,71.23869802,5.504994917,80.09118367,-21.63278849
300,300,300,300,300,300,300,300,300,300,300,300,300,300,300,300,89.90631304,-37.36374747,92.71309862,-23.51334607,76.02178392,-37.31311499,77.08207703,-28.4317379,74.48224077,-35.94681727,92.26005754,-40.47570502,70.91338549,-26.91807257,79.88228807,-45.19412123
300,300,300,300,300,300,300,300,300,300,300,300,300,300,300,300,94.62754311,-31.23376783,93.62491097,-34.43397649,90.55879464,-41.49953397,59.2387085,-28.51834488,58.86776223,-27.5991567,91.34309639,-32.34884389,73.34944405,-35.4244016,99.31759133,-38.91739591
300,300,300,300,300,300,300,300,300,300,300,300,300,300,300,300,95.22338754,-23.66363046,95.39086038,-36.56197164,73.68546182,-17.81425617,85.88918304,-29.15218735,68.52050668,-34.73995016,67.29871255,-30.67528341,75.90222818,-18.69636152,69.48369485,-36.22343252
300,300,300,300,300,300,300,300,300,300,300,300,300,300,300,300,93.90312257,-33.79386198,90.79016938,-34.74051249,75.74530854,-38.02430975,89.06271362,-29.99941826,95.05603089,-33.3986336,91.74243989,-30.51368391,82.43411317,-8.757660507,86.13079133,-27.40519011
300,300,300,300,300,300,300,300,300,300,300,300,300,300,300,300,90.93722676,-30.25935148,89.79215382,-25.59220098,84.11481617,-33.22236227,73.51691437,-29.56288719,92.62095784,-36.40482687,90.33554219,-34.52143644,77.50736378,-30.68903898,80.62507008,-30.77604841
300,300,300,300,300,300,300,300,300,300,300,300,300,300,300,300,89.36793979,-30.21947489,88.40691836,-27.92952428,82.26881869,-47.10428296,89.98190308,-28.31740189,89.33786472,-33.69229184,87.90982516,-34.78760109,95.94306644,-44.74594174,83.63537295,-46.74420224
300,300,300,300,300,300,300,300,300,300,300,300,300,300,300,300,92.23314087,-29.68970747,91.74922363,-24.41925354,98.49051849,-28.96813936,69.55908203,-26.37977219,72.17822448,-6.483886428,85.93663971,-29.21456499,94.05617706,-38.88259668,94.42468445,-37.4351346
300,300,300,300,300,300,300,300,300,300,300,300,300,300,300,300,88.95120218,-28.98993856,90.64098337,-23.6693371,101.3185423,-27.1968363,61.3621254,-29.08622169,97.74964884,-36.9997843,92.84935739,-21.37650425,111.5151365,-34.14664251,102.228607,-37.16737539
300,300,300,300,300,300,300,300,300,300,300,300,300,300,300,300,89.28026558,-43.19591705,80.46060158,-19.16235916,86.65602852,-46.95569793,80.92263794,-24.1707325,78.65435768,-42.39891616,79.08106972,-25.53262416,82.41976906,-34.83320419,86.0324247,-38.92684356
